SPEED,DIRECTION
0,0
0,0
0,0
0,0
0,0
0,0
0,0
0,0
0,0
0,0
0,0
0,0
0,0
0,0
0,0
0,0
0,0
0,0
0,0
0,0
0,0
0,0
0,0
0,0
0,0
0,0
0,0
0,0
0,0
0,0
0,0
0,0
0,0
0,0
0,0
0,0
0,180
0,0
0,0
0,140
0,0
0,0
0,0
0,0
0,0
0,0
0,0
0,0
0,0
0,0
0,0
0,0
0,0
0,0
0,0
0,0
0,0
0,0
0,0
0,0
1,40
1,90
1,90
1,40
1,90
1,40
1,40
1,40
1,90
1,90
1,140
1,180
1,40
1,90
1,40
1,90
1,40
1,180
1,220
1,220
1,220
1,320
1,220
1,270
1,270
1,220
1,220
1,220
1,180
1,140
1,140
1,140
1,90
1,90
1,90
1,140
1,40
1,220
1,90
1,140
1,140
1,140
1,140
1,140
1,40
1,90
1,90
1,140
1,90
1,20
1,180
1,140
1,180
1,220
1,90
1,220
1,220
1,140
1,140
1,140
1,220
1,40
1,40
1,40
1,90
1,90
1,220
1,220
1,220
1,320
1,220
1,140
1,90
1,40
1,40
1,40
1,40
1,140
1,180
1,180
1,320
1,220
1,220
1,220
1,320
1,40
1,90
1,90
1,90
1,140
1,140
1,160
1,40
1,40
1,40
1,40
1,40
1,140
1,90
1,90
1,40
1,40
1,40
1,40
1,40
1,90
1,140
1,90
1,90
1,90
1,180
1,220
1,180
1,140
1,140
1,140
1,220
1,220
1,220
1,220
1,220
1,220
1,250
1,270
1,220
1,220
1,220
1,140
1,40
1,320
1,320
1,320
1,220
1,270
1,270
1,270
1,140
1,40
1,40
1,40
1,140
1,40
1,40
1,340
1,320
1,320
1,40
1,40
1,90
1,90
1,90
1,110
1,90
1,90
1,110
1,90
1,140
1,140
1,90
1,90
1,90
1,90
1,90
1,90
1,140
1,90
1,90
1,180
1,180
1,140
1,140
1,140
1,270
1,220
1,220
1,90
1,220
1,220
1,220
1,180
1,140
1,140
1,40
1,40
1,320
1,320
1,320
1,140
1,180
1,140
1,320
1,320
1,140
1,140
1,140
1,320
1,220
1,140
1,40
1,40
1,180
1,90
1,90
1,140
1,90
1,40
1,40
1,140
1,90
1,140
1,180
1,220
1,140
1,40
1,40
1,220
1,270
1,40
1,220
1,180
1,110
1,90
1,200
1,200
1,320
1,90
1,90
1,90
1,70
1,180
1,180
1,220
1,180
1,180
1,220
1,140
1,180
1,220
1,220
1,220
1,110
1,90
1,220
1,220
1,180
1,110
1,90
1,140
1,20
1,270
1,220
1,220
1,180
1,70
1,40
1,360
1,340
1,140
1,40
1,40
1,140
1,320
1,40
1,40
1,70
1,40
1,40
1,140
1,290
1,140
1,90
1,90
1,90
1,40
1,40
1,140
1,140
1,140
1,140
1,140
1,140
1,40
1,40
1,40
1,140
1,90
1,40
1,40
1,140
1,140
1,140
1,90
1,320
1,90
1,90
1,40
1,90
1,90
1,40
1,90
1,180
1,180
1,180
1,180
1,140
1,140
1,220
1,220
1,220
1,140
1,90
1,90
1,320
1,90
1,90
1,40
1,40
1,40
1,320
1,320
1,180
1,160
1,180
1,160
1,170
1,180
1,220
1,90
1,140
1,220
1,220
1,270
1,220
1,220
1,220
1,220
1,140
1,220
1,270
1,220
1,220
1,220
1,220
1,90
1,90
1,40
1,320
1,320
1,320
1,220
1,220
1,90
1,40
1,220
1,220
1,140
1,40
1,140
1,90
1,40
1,320
1,140
1,90
1,40
1,90
1,140
1,220
1,20
1,90
1,220
1,220
1,40
1,180
1,90
1,220
1,180
1,270
1,220
1,270
1,220
1,140
1,220
1,140
1,40
1,140
1,320
1,320
1,220
1,140
1,320
1,220
1,140
1,40
1,40
1,90
1,140
1,90
1,90
1,90
1,140
1,40
1,40
1,140
1,90
1,90
1,90
1,140
1,140
1,90
1,90
1,140
1,90
1,90
1,90
1,90
1,140
1,90
1,220
1,40
1,320
1,90
1,320
1,140
1,70
1,320
1,320
1,140
1,40
1,90
1,70
1,140
1,140
1,70
1,70
1,70
1,70
1,70
1,70
1,140
1,40
1,90
1,20
1,90
1,70
1,140
1,180
1,200
1,40
1,200
1,140
1,140
1,40
1,270
1,220
1,250
1,350
1,220
1,220
1,270
1,180
1,70
1,360
1,70
1,90
1,70
1,20
1,20
1,220
1,180
1,70
1,40
1,70
1,90
1,340
1,270
1,110
1,320
1,140
1,140
1,220
1,270
1,270
1,220
1,140
1,40
1,40
1,20
1,20
1,360
1,40
1,70
1,90
1,140
1,90
1,70
1,20
1,320
1,20
1,320
1,320
1,320
1,340
1,340
1,90
1,90
1,70
1,320
1,180
1,40
1,270
1,350
1,320
1,40
1,270
1,300
1,120
1,90
1,120
1,220
1,200
1,90
1,90
1,60
1,360
1,270
1,70
1,180
1,40
1,20
1,90
1,80
1,160
1,90
1,90
1,220
1,40
1,140
1,90
1,90
1,20
1,20
1,270
1,140
1,270
1,90
1,20
1,160
1,40
1,360
1,320
1,120
1,120
1,40
1,340
1,290
1,180
1,220
1,40
1,40
1,90
1,90
1,220
1,320
1,270
1,90
1,90
1,90
1,40
1,40
1,40
1,120
1,120
1,60
1,90
1,120
1,90
1,220
1,90
1,270
1,180
1,270
1,40
1,40
1,90
1,40
1,360
1,320
1,320
1,360
1,40
1,40
1,270
1,40
1,90
1,40
1,320
1,320
1,320
1,320
1,40
1,40
1,40
1,40
1,40
1,40
1,140
1,90
1,40
1,40
1,40
2,40
2,40
2,40
2,90
2,90
2,90
2,90
2,40
2,40
2,70
2,90
2,40
2,90
2,40
2,40
2,40
2,40
2,40
2,220
2,220
2,220
2,220
2,40
2,40
2,40
2,140
2,220
2,220
2,90
2,180
2,90
2,90
2,220
2,90
2,90
2,270
2,220
2,220
2,220
2,220
2,40
2,180
2,220
2,270
2,320
2,20
2,90
2,90
2,40
2,40
2,40
2,40
2,40
2,90
2,90
2,90
2,140
2,140
2,40
2,40
2,40
2,40
2,40
2,40
2,40
2,90
2,90
2,90
2,90
2,90
2,180
2,140
2,140
2,90
2,40
2,140
2,140
2,140
2,90
2,250
2,200
2,250
2,220
2,200
2,220
2,220
2,220
2,220
2,250
2,270
2,220
2,220
2,220
2,220
2,220
2,220
2,40
2,40
2,40
2,270
2,220
2,270
2,220
2,220
2,140
2,40
2,40
2,40
2,40
2,360
2,40
2,40
2,90
2,40
2,40
2,40
2,40
2,90
2,40
2,140
2,90
2,90
2,90
2,90
2,90
2,90
2,90
2,90
2,140
2,140
2,70
2,90
2,90
2,90
2,90
2,140
2,90
2,90
2,90
2,110
2,90
2,90
2,90
2,90
2,90
2,90
2,90
2,90
2,90
2,90
2,90
2,90
2,90
2,140
2,90
2,90
2,90
2,90
2,90
2,140
2,90
2,140
2,90
2,90
2,180
2,270
2,220
2,220
2,220
2,220
2,220
2,220
2,40
2,140
2,140
2,320
2,40
2,40
2,40
2,90
2,180
2,320
2,40
2,40
2,40
2,40
2,40
2,320
2,320
2,360
2,140
2,40
2,70
2,90
2,90
2,360
2,140
2,40
2,40
2,140
2,140
2,90
2,90
2,70
2,40
2,40
2,40
2,220
2,40
2,90
2,140
2,180
2,90
2,40
2,180
2,90
2,90
2,140
2,180
2,140
2,90
2,90
2,180
2,180
2,180
2,180
2,220
2,220
2,220
2,220
2,140
2,140
2,220
2,220
2,220
2,220
2,140
2,40
2,140
2,270
2,270
2,270
2,220
2,220
2,220
2,220
2,220
2,220
2,220
2,90
2,90
2,90
2,220
2,90
2,110
2,90
2,140
2,140
2,40
2,180
2,200
2,40
2,140
2,40
2,40
2,40
2,40
2,40
2,140
2,40
2,90
2,90
2,90
2,40
2,40
2,90
2,90
2,90
2,90
2,90
2,90
2,40
2,180
2,40
2,40
2,40
2,40
2,40
2,40
2,40
2,90
2,40
2,90
2,90
2,40
2,280
2,270
2,180
2,160
2,220
2,220
2,220
2,220
2,220
2,220
2,220
2,140
2,200
2,220
2,220
2,220
2,40
2,90
2,90
2,40
2,40
2,90
2,40
2,40
2,90
2,90
2,270
2,320
2,320
2,40
2,40
2,90
2,40
2,40
2,40
2,40
2,40
2,40
2,40
2,40
2,90
2,40
2,140
2,40
2,90
2,90
2,90
2,90
2,140
2,70
2,240
2,90
2,180
2,140
2,180
2,90
2,20
2,180
2,90
2,90
2,140
2,220
2,220
2,320
2,220
2,220
2,220
2,140
2,220
2,200
2,180
2,220
2,220
2,220
2,220
2,220
2,220
2,220
2,220
2,220
2,220
2,220
2,270
2,220
2,140
2,90
2,90
2,270
2,40
2,90
2,90
2,90
2,90
2,90
2,90
2,90
2,90
2,140
2,140
2,90
2,90
2,90
2,140
2,140
2,140
2,90
2,90
2,90
2,140
2,90
2,90
2,90
2,90
2,90
2,90
2,90
2,90
2,90
2,90
2,140
2,90
2,220
2,180
2,220
2,220
2,220
2,220
2,220
2,140
2,220
2,200
2,220
2,220
2,220
2,180
2,180
2,140
2,220
2,220
2,270
2,320
2,270
2,40
2,40
2,320
2,320
2,140
2,180
2,320
2,140
2,40
2,320
2,140
2,220
2,140
2,140
2,40
2,90
2,320
2,70
2,140
2,90
2,70
2,70
2,40
2,40
2,40
2,70
2,70
2,70
2,70
2,70
2,140
2,70
2,70
2,40
2,70
2,40
2,40
2,40
2,70
2,140
2,140
2,140
2,70
2,90
2,70
2,70
2,40
2,90
2,140
2,40
2,40
2,70
2,40
2,70
2,70
2,180
2,140
2,70
2,140
2,140
2,140
2,140
2,290
2,160
2,220
2,220
2,180
2,140
2,140
2,180
2,180
2,180
2,110
2,140
2,140
2,220
2,180
2,220
2,200
2,270
2,270
2,270
2,180
2,270
2,140
2,180
2,40
2,220
2,90
2,140
2,320
2,20
2,40
2,40
2,40
2,40
2,40
2,70
2,20
2,40
2,40
2,40
2,40
2,40
2,140
2,40
2,70
2,40
2,360
2,20
2,20
2,360
2,360
2,320
2,40
2,40
2,40
2,40
2,40
2,90
2,40
2,40
2,40
2,40
2,40
2,70
2,40
2,70
2,70
2,90
2,90
2,90
2,90
2,90
2,40
2,40
2,180
2,90
2,90
2,220
2,220
2,40
2,220
2,180
2,180
2,180
2,180
2,40
2,320
2,320
2,220
2,20
2,40
2,40
2,40
2,40
2,40
2,90
2,110
2,90
2,20
2,320
2,180
2,180
2,140
2,40
2,40
2,40
2,220
2,270
2,220
2,270
2,270
2,270
2,270
2,360
2,220
2,20
2,270
2,180
2,180
2,20
2,20
2,360
2,70
2,340
2,20
2,40
2,40
2,20
2,40
2,40
2,20
2,70
2,70
2,20
2,70
2,20
2,70
2,40
2,90
2,40
2,40
2,40
2,90
2,220
2,90
2,90
2,140
2,220
2,180
2,220
2,220
2,270
2,320
2,320
2,320
2,320
2,40
2,40
2,70
2,220
2,40
2,40
2,180
2,180
2,20
2,140
2,20
2,270
2,220
2,160
2,180
2,180
2,180
2,180
2,140
2,40
2,20
2,220
2,220
2,220
2,200
2,10
2,40
2,60
2,50
2,220
2,120
2,20
2,40
2,40
2,180
2,180
2,180
2,190
2,220
2,200
2,200
2,210
2,180
2,160
2,40
2,60
2,70
2,180
2,40
2,40
2,140
2,160
2,60
2,120
2,120
2,60
2,180
2,40
2,260
2,90
2,90
2,90
2,220
2,270
2,90
2,180
2,180
2,260
2,270
2,90
2,60
2,270
2,320
2,270
2,40
2,180
2,90
2,90
2,60
2,90
2,360
2,180
2,180
2,220
2,320
2,240
2,40
2,360
2,220
2,140
2,360
2,40
2,40
2,40
2,70
2,90
2,90
2,90
2,220
2,220
2,220
2,220
2,220
2,220
2,270
2,220
2,220
2,270
2,320
2,220
2,270
2,180
2,270
2,270
2,220
2,90
2,40
2,40
2,70
2,90
2,90
2,70
2,90
2,90
2,90
2,90
2,70
2,70
2,40
2,120
2,90
2,120
2,120
2,90
2,90
2,90
2,90
2,90
2,180
2,160
2,180
2,180
2,120
2,90
2,140
2,90
2,90
2,140
2,180
2,270
2,270
2,180
2,320
2,90
2,40
2,40
2,20
2,270
2,270
2,320
2,320
2,320
2,320
2,40
2,40
2,40
2,40
2,40
2,40
2,360
2,40
2,40
2,40
2,40
2,40
2,40
2,40
2,40
2,220
2,220
2,40
2,360
2,320
2,40
2,90
2,40
2,40
2,40
2,40
2,40
2,40
2,40
2,40
2,40
2,40
2,40
2,40
2,40
2,40
2,40
3,360
3,40
3,40
3,40
3,40
3,40
3,40
3,40
3,40
3,40
3,40
3,70
3,40
3,90
3,40
3,40
3,220
3,40
3,220
3,180
3,220
3,220
3,220
3,220
3,180
3,220
3,220
3,220
3,180
3,40
3,270
3,220
3,220
3,320
3,360
3,290
3,320
3,360
3,90
3,90
3,40
3,40
3,40
3,40
3,40
3,40
3,40
3,40
3,40
3,180
3,140
3,220
3,220
3,200
3,220
3,250
3,250
3,200
3,140
3,220
3,220
3,220
3,220
3,220
3,220
3,250
3,250
3,220
3,220
3,220
3,220
3,220
3,220
3,220
3,180
3,140
3,220
3,40
3,40
3,90
3,90
3,40
3,40
3,40
3,90
3,40
3,90
3,90
3,90
3,90
3,90
3,40
3,40
3,90
3,90
3,90
3,90
3,90
3,90
3,90
3,90
3,90
3,90
3,90
3,90
3,40
3,40
3,90
3,90
3,90
3,90
3,90
3,90
3,90
3,90
3,90
3,140
3,140
3,90
3,90
3,90
3,90
3,90
3,90
3,90
3,90
3,90
3,90
3,90
3,90
3,220
3,220
3,220
3,220
3,180
3,220
3,90
3,270
3,320
3,320
3,40
3,40
3,40
3,40
3,40
3,180
3,40
3,320
3,40
3,40
3,40
3,90
3,90
3,90
3,40
3,40
3,40
3,40
3,40
3,40
3,40
3,90
3,90
3,90
3,40
3,90
3,220
3,180
3,200
3,220
3,220
3,220
3,180
3,220
3,220
3,220
3,220
3,220
3,200
3,220
3,90
3,70
3,90
3,90
3,40
3,140
3,40
3,40
3,90
3,40
3,40
3,40
3,40
3,90
3,90
3,40
3,40
3,40
3,90
3,140
3,90
3,90
3,40
3,40
3,40
3,40
3,90
3,20
3,170
3,160
3,220
3,220
3,220
3,180
3,220
3,220
3,220
3,220
3,220
3,220
3,220
3,220
3,220
3,220
3,270
3,220
3,220
3,220
3,220
3,360
3,40
3,160
3,40
3,40
3,40
3,320
3,40
3,40
3,40
3,90
3,70
3,40
3,40
3,40
3,40
3,40
3,40
3,90
3,90
3,40
3,20
3,90
3,70
3,140
3,70
3,90
3,220
3,220
3,220
3,220
3,220
3,180
3,220
3,220
3,180
3,270
3,220
3,220
3,220
3,220
3,220
3,270
3,40
3,90
3,90
3,90
3,140
3,340
3,70
3,70
3,90
3,40
3,70
3,90
3,90
3,90
3,90
3,90
3,90
3,90
3,90
3,90
3,40
3,40
3,90
3,90
3,90
3,220
3,90
3,90
3,90
3,90
3,90
3,90
3,90
3,90
3,90
3,70
3,90
3,220
3,220
3,220
3,220
3,220
3,220
3,220
3,220
3,220
3,160
3,220
3,220
3,220
3,220
3,40
3,320
3,320
3,40
3,90
3,90
3,40
3,40
3,40
3,90
3,90
3,40
3,40
3,40
3,70
3,20
3,20
3,40
3,90
3,40
3,70
3,70
3,70
3,40
3,40
3,140
3,40
3,90
3,70
3,40
3,70
3,40
3,40
3,70
3,40
3,40
3,40
3,70
3,140
3,220
3,200
3,220
3,220
3,220
3,220
3,180
3,220
3,250
3,340
3,140
3,220
3,320
3,320
3,140
3,220
3,360
3,20
3,20
3,20
3,180
3,320
3,90
3,20
3,20
3,20
3,40
3,40
3,40
3,40
3,140
3,20
3,90
3,40
3,70
3,70
3,70
3,270
3,220
3,220
3,90
3,220
3,180
3,220
3,40
3,40
3,40
3,20
3,90
3,360
3,320
3,320
3,320
3,20
3,40
3,40
3,20
3,40
3,40
3,40
3,360
3,40
3,40
3,40
3,20
3,20
3,70
3,20
3,20
3,20
3,90
3,40
3,40
3,140
3,140
3,90
3,40
3,40
3,90
3,90
3,90
3,90
3,20
3,40
3,40
3,90
3,90
3,40
3,20
3,20
3,40
3,20
3,70
3,90
3,140
3,90
3,40
3,40
3,90
3,40
3,140
3,140
3,140
3,180
3,180
3,120
3,180
3,180
3,140
3,320
3,220
3,180
3,140
3,180
3,160
3,140
3,40
3,20
3,180
3,220
3,220
3,220
3,220
3,220
3,220
3,240
3,180
3,140
3,90
3,40
3,90
3,20
3,20
3,20
3,40
3,40
3,40
3,40
3,40
3,40
3,70
3,20
3,90
3,40
3,40
3,70
3,90
3,40
3,40
3,20
3,40
3,70
3,90
3,20
3,20
3,40
3,90
3,90
3,120
3,140
3,70
3,70
3,90
3,90
3,90
3,40
3,40
3,320
3,220
3,220
3,140
3,140
3,140
3,220
3,180
3,140
3,180
3,180
3,220
3,180
3,40
3,90
3,270
3,270
3,200
3,220
3,180
3,270
3,270
3,320
3,320
3,320
3,320
3,180
3,40
3,40
3,140
3,40
3,360
3,340
3,290
3,220
3,90
3,40
3,90
3,40
3,20
3,20
3,40
3,20
3,40
3,20
3,20
3,180
3,140
3,20
3,20
3,20
3,20
3,70
3,70
3,20
3,70
3,90
3,90
3,20
3,70
3,70
3,140
3,180
3,180
3,180
3,180
3,180
3,180
3,180
3,90
3,180
3,120
3,40
3,40
3,20
3,160
3,160
3,220
3,200
3,210
3,200
3,180
3,220
3,300
3,240
3,200
3,200
3,60
3,60
3,60
3,40
3,60
3,70
3,40
3,90
3,20
3,20
3,20
3,140
3,20
3,90
3,20
3,20
3,360
3,20
3,200
3,240
3,220
3,160
3,340
3,70
3,70
3,160
3,240
3,60
3,40
3,160
3,70
3,60
3,90
3,120
3,40
3,20
3,70
3,90
3,20
3,20
3,20
3,90
3,90
3,90
3,40
3,20
3,90
3,90
3,90
3,220
3,240
3,270
3,180
3,90
3,40
3,140
3,180
3,260
3,270
3,60
3,90
3,90
3,40
3,40
3,90
3,90
3,180
3,220
3,160
3,220
3,220
3,90
3,40
3,60
3,160
3,60
3,180
3,40
3,90
3,200
3,60
3,40
3,40
3,40
3,20
3,140
3,220
3,220
3,200
3,270
3,270
3,180
3,40
3,360
3,90
3,90
3,40
3,90
3,40
3,40
3,70
3,90
3,90
3,90
3,90
3,90
3,90
3,90
3,120
3,180
3,220
3,220
3,220
3,220
3,180
3,180
3,200
3,270
3,180
3,180
3,220
3,220
3,240
3,220
3,240
3,220
3,220
3,180
3,220
3,220
3,220
3,220
3,220
3,220
3,220
3,220
3,270
3,270
3,270
3,40
3,40
3,140
3,120
3,70
3,90
3,90
3,70
3,70
3,70
3,70
3,70
3,70
3,90
3,90
3,90
3,90
3,90
3,70
3,60
3,60
3,60
3,300
3,280
3,270
3,40
3,60
3,90
3,70
3,40
3,40
3,40
3,40
3,60
3,60
3,40
3,90
3,70
3,60
3,90
3,90
3,90
3,90
3,70
3,120
3,200
3,70
3,60
3,70
3,60
3,90
3,120
3,70
3,90
3,70
3,140
3,90
3,90
3,70
3,180
3,220
3,240
3,180
3,220
3,180
3,180
3,90
3,220
3,220
3,180
3,180
3,40
3,220
3,360
3,40
3,40
3,40
3,40
3,40
3,40
3,40
3,40
3,40
3,40
3,40
3,40
3,40
3,40
3,40
3,40
3,220
3,270
3,220
3,220
3,40
3,40
3,40
3,40
3,40
3,40
3,40
3,40
3,140
3,40
3,40
3,40
3,40
3,40
3,40
3,40
3,40
3,40
3,40
3,90
3,40
4,40
4,40
4,40
4,40
4,40
4,40
4,40
4,40
4,40
4,90
4,90
4,220
4,220
4,180
4,250
4,250
4,250
4,250
4,250
4,220
4,220
4,220
4,220
4,220
4,220
4,220
4,220
4,180
4,220
4,180
4,180
4,40
4,40
4,40
4,360
4,40
4,40
4,90
4,220
4,270
4,250
4,250
4,220
4,220
4,250
4,220
4,220
4,220
4,220
4,220
4,250
4,220
4,220
4,220
4,220
4,220
4,220
4,220
4,220
4,220
4,220
4,220
4,250
4,220
4,220
4,220
4,220
4,220
4,220
4,220
4,220
4,180
4,220
4,220
4,40
4,90
4,40
4,40
4,40
4,40
4,70
4,90
4,90
4,40
4,40
4,40
4,40
4,90
4,40
4,40
4,40
4,40
4,40
4,40
4,40
4,90
4,90
4,90
4,90
4,90
4,90
4,90
4,90
4,90
4,40
4,40
4,40
4,90
4,90
4,90
4,90
4,90
4,90
4,180
4,90
4,90
4,90
4,90
4,90
4,90
4,90
4,90
4,90
4,90
4,90
4,90
4,90
4,220
4,220
4,250
4,220
4,220
4,220
4,320
4,320
4,270
4,40
4,200
4,90
4,40
4,40
4,40
4,40
4,40
4,40
4,40
4,90
4,40
4,90
4,40
4,90
4,40
4,160
4,220
4,220
4,250
4,250
4,220
4,220
4,220
4,220
4,220
4,220
4,220
4,220
4,220
4,220
4,250
4,220
4,220
4,90
4,220
4,40
4,90
4,90
4,40
4,40
4,40
4,140
4,90
4,40
4,40
4,40
4,40
4,40
4,160
4,40
4,40
4,40
4,40
4,40
4,40
4,90
4,40
4,40
4,40
4,90
4,90
4,40
4,40
4,40
4,40
4,40
4,40
4,40
4,40
4,220
4,270
4,270
4,270
4,270
4,190
4,220
4,220
4,220
4,220
4,220
4,220
4,220
4,220
4,220
4,220
4,220
4,220
4,220
4,220
4,220
4,220
4,220
4,220
4,270
4,140
4,20
4,40
4,40
4,320
4,320
4,90
4,40
4,90
4,40
4,40
4,90
4,90
4,90
4,90
4,180
4,180
4,70
4,70
4,90
4,90
4,320
4,40
4,20
4,90
4,90
4,90
4,90
4,220
4,220
4,220
4,220
4,220
4,220
4,220
4,180
4,270
4,270
4,220
4,220
4,90
4,90
4,90
4,40
4,90
4,180
4,90
4,90
4,90
4,70
4,90
4,70
4,90
4,40
4,220
4,220
4,220
4,220
4,220
4,220
4,220
4,220
4,220
4,220
4,220
4,180
4,180
4,220
4,180
4,180
4,140
4,320
4,90
4,40
4,20
4,90
4,40
4,40
4,40
4,40
4,40
4,90
4,70
4,90
4,70
4,40
4,40
4,40
4,90
4,40
4,20
4,40
4,40
4,40
4,40
4,70
4,40
4,40
4,70
4,40
4,40
4,40
4,40
4,180
4,250
4,200
4,200
4,220
4,180
4,160
4,220
4,180
4,140
4,220
4,180
4,220
4,220
4,220
4,220
4,40
4,140
4,90
4,220
4,90
4,40
4,180
4,320
4,20
4,20
4,20
4,20
4,20
4,20
4,20
4,20
4,20
4,20
4,180
4,20
4,20
4,40
4,20
4,20
4,20
4,20
4,20
4,20
4,20
4,20
4,20
4,20
4,40
4,90
4,160
4,220
4,200
4,270
4,220
4,220
4,220
4,220
4,220
4,220
4,220
4,180
4,220
4,220
4,180
4,180
4,220
4,180
4,180
4,220
4,40
4,40
4,40
4,90
4,90
4,90
4,20
4,320
4,220
4,20
4,320
4,40
4,40
4,20
4,40
4,20
4,40
4,40
4,40
4,40
4,40
4,40
4,90
4,90
4,20
4,90
4,40
4,40
4,360
4,40
4,70
4,20
4,20
4,40
4,20
4,40
4,70
4,70
4,40
4,40
4,90
4,90
4,70
4,70
4,70
4,70
4,40
4,40
4,70
4,70
4,40
4,40
4,20
4,90
4,20
4,90
4,90
4,20
4,40
4,40
4,70
4,20
4,90
4,90
4,90
4,70
4,180
4,180
4,220
4,180
4,180
4,180
4,180
4,180
4,220
4,220
4,220
4,320
4,140
4,220
4,200
4,220
4,220
4,220
4,220
4,220
4,220
4,270
4,270
4,270
4,220
4,320
4,20
4,20
4,270
4,140
4,20
4,40
4,20
4,140
4,90
4,70
4,20
4,40
4,20
4,40
4,40
4,70
4,140
4,40
4,40
4,40
4,40
4,40
4,40
4,40
4,40
4,40
4,40
4,20
4,40
4,20
4,20
4,40
4,70
4,20
4,90
4,90
4,20
4,40
4,40
4,90
4,40
4,90
4,70
4,40
4,90
4,90
4,90
4,90
4,90
4,90
4,180
4,90
4,180
4,200
4,180
4,220
4,220
4,220
4,220
4,220
4,220
4,220
4,270
4,220
4,270
4,270
4,220
4,320
4,40
4,40
4,40
4,40
4,340
4,70
4,40
4,70
4,70
4,40
4,90
4,40
4,40
4,40
4,300
4,40
4,70
4,40
4,40
4,70
4,40
4,20
4,40
4,70
4,40
4,20
4,40
4,40
4,20
4,20
4,20
4,40
4,40
4,20
4,40
4,40
4,40
4,40
4,40
4,40
4,70
4,90
4,70
4,70
4,70
4,140
4,90
4,20
4,20
4,20
4,70
4,20
4,40
4,90
4,20
4,20
4,70
4,70
4,140
4,220
4,70
4,90
4,90
4,220
4,140
4,120
4,180
4,180
4,140
4,90
4,70
4,140
4,140
4,180
4,260
4,180
4,40
4,220
4,220
4,220
4,200
4,210
4,220
4,280
4,280
4,40
4,60
4,90
4,40
4,320
4,20
4,20
4,20
4,20
4,20
4,40
4,20
4,20
4,20
4,20
4,20
4,70
4,40
4,40
4,20
4,20
4,20
4,20
4,20
4,40
4,20
4,90
4,90
4,20
4,20
4,40
4,20
4,40
4,70
4,70
4,90
4,90
4,90
4,90
4,40
4,90
4,90
4,90
4,70
4,90
4,20
4,70
4,90
4,220
4,210
4,220
4,210
4,180
4,180
4,70
4,90
4,140
4,180
4,220
4,240
4,40
4,240
4,60
4,60
4,60
4,40
4,40
4,20
4,20
4,20
4,20
4,40
4,20
4,40
4,40
4,40
4,70
4,90
4,20
4,20
4,20
4,20
4,40
4,20
4,90
4,20
4,40
4,270
4,270
4,270
4,40
4,90
4,180
4,270
4,60
4,60
4,90
4,90
4,90
4,90
4,120
4,140
4,90
4,220
4,220
4,170
4,220
4,140
4,260
4,90
4,90
4,40
4,40
4,60
4,340
4,360
4,20
4,290
4,290
4,290
4,290
4,260
4,220
4,220
4,20
4,180
4,40
4,70
4,20
4,360
4,70
4,70
4,90
4,70
4,70
4,40
4,40
4,70
4,90
4,70
4,90
4,90
4,90
4,70
4,70
4,90
4,90
4,70
4,70
4,120
4,120
4,70
4,90
4,90
4,90
4,120
4,180
4,160
4,200
4,220
4,220
4,220
4,220
4,220
4,240
4,220
4,220
4,180
4,220
4,180
4,220
4,270
4,270
4,270
4,200
4,220
4,220
4,220
4,270
4,270
4,270
4,270
4,220
4,220
4,220
4,270
4,270
4,270
4,40
4,40
4,40
4,90
4,70
4,70
4,60
4,60
4,90
4,70
4,90
4,90
4,70
4,90
4,70
4,60
4,270
4,60
4,60
4,90
4,40
4,40
4,60
4,60
4,70
4,70
4,70
4,40
4,60
4,40
4,90
4,180
4,60
4,90
4,90
4,180
4,180
4,220
4,220
4,160
4,220
4,90
4,270
4,220
4,220
4,320
4,220
4,220
4,220
4,220
4,270
4,40
4,360
4,40
4,40
4,140
4,140
4,40
4,90
4,40
4,40
4,40
4,40
4,40
4,40
4,40
4,40
4,90
4,40
4,220
4,220
4,140
4,220
4,220
4,320
4,40
4,40
4,40
4,40
4,40
4,40
4,40
4,40
4,40
4,40
4,40
4,40
4,40
4,140
4,40
4,40
4,40
4,40
4,40
4,40
4,40
4,40
4,40
4,40
4,40
4,40
4,40
4,40
4,40
4,40
4,40
4,40
4,40
4,40
4,40
4,40
4,40
4,40
4,40
4,40
5,40
5,40
5,40
5,40
5,40
5,40
5,40
5,40
5,40
5,40
5,40
5,220
5,200
5,250
5,220
5,250
5,220
5,220
5,220
5,220
5,220
5,220
5,180
5,220
5,40
5,40
5,40
5,40
5,40
5,40
5,90
5,360
5,40
5,40
5,40
5,40
5,40
5,40
5,40
5,250
5,220
5,200
5,200
5,220
5,220
5,220
5,220
5,220
5,220
5,220
5,220
5,220
5,40
5,40
5,40
5,40
5,40
5,90
5,40
5,40
5,70
5,40
5,40
5,90
5,90
5,90
5,90
5,220
5,180
5,220
5,250
5,220
5,220
5,220
5,220
5,220
5,220
5,40
5,40
5,40
5,40
5,40
5,40
5,40
5,40
5,40
5,40
5,40
5,20
5,90
5,40
5,40
5,70
5,90
5,40
5,70
5,90
5,40
5,40
5,220
5,270
5,220
5,220
5,220
5,220
5,220
5,220
5,250
5,250
5,40
5,40
5,90
5,90
5,40
5,40
5,40
5,40
5,40
5,40
5,40
5,220
5,220
5,220
5,220
5,220
5,220
5,270
5,220
5,180
5,220
5,220
5,220
5,220
5,220
5,220
5,220
5,220
5,220
5,220
5,40
5,40
5,40
5,90
5,40
5,40
5,40
5,360
5,90
5,90
5,90
5,90
5,90
5,40
5,40
5,40
5,40
5,140
5,90
5,90
5,180
5,220
5,90
5,90
5,180
5,90
5,90
5,20
5,90
5,220
5,220
5,200
5,220
5,220
5,220
5,220
5,220
5,180
5,180
5,180
5,220
5,220
5,320
5,220
5,220
5,220
5,220
5,220
5,220
5,90
5,40
5,90
5,40
5,40
5,20
5,20
5,20
5,40
5,40
5,220
5,20
5,70
5,20
5,40
5,70
5,40
5,40
5,70
5,90
5,90
5,90
5,70
5,90
5,90
5,40
5,220
5,220
5,220
5,220
5,220
5,180
5,220
5,220
5,180
5,220
5,180
5,220
5,220
5,220
5,220
5,220
5,180
5,220
5,180
5,180
5,40
5,40
5,90
5,90
5,70
5,70
5,40
5,70
5,20
5,90
5,40
5,40
5,40
5,70
5,70
5,70
5,90
5,90
5,40
5,40
5,40
5,70
5,70
5,70
5,70
5,40
5,40
5,40
5,220
5,220
5,200
5,220
5,200
5,270
5,220
5,220
5,220
5,220
5,180
5,220
5,220
5,220
5,40
5,220
5,180
5,20
5,20
5,20
5,20
5,270
5,20
5,20
5,20
5,20
5,20
5,20
5,20
5,20
5,20
5,20
5,20
5,20
5,20
5,20
5,20
5,20
5,20
5,20
5,20
5,20
5,40
5,40
5,20
5,20
5,20
5,40
5,180
5,220
5,180
5,220
5,220
5,220
5,220
5,220
5,220
5,220
5,220
5,220
5,180
5,220
5,220
5,270
5,20
5,40
5,40
5,40
5,40
5,40
5,20
5,20
5,90
5,20
5,320
5,340
5,20
5,40
5,40
5,40
5,20
5,40
5,20
5,40
5,20
5,20
5,20
5,40
5,70
5,40
5,70
5,20
5,40
5,20
5,20
5,20
5,40
5,20
5,360
5,90
5,40
5,40
5,40
5,40
5,20
5,20
5,90
5,220
5,220
5,120
5,220
5,220
5,220
5,220
5,220
5,220
5,220
5,220
5,270
5,200
5,220
5,220
5,180
5,220
5,270
5,220
5,220
5,220
5,270
5,180
5,270
5,40
5,70
5,180
5,220
5,140
5,20
5,20
5,40
5,20
5,20
5,20
5,360
5,140
5,20
5,40
5,40
5,40
5,40
5,70
5,40
5,40
5,40
5,40
5,20
5,20
5,20
5,20
5,20
5,140
5,90
5,40
5,140
5,90
5,40
5,90
5,90
5,70
5,140
5,90
5,40
5,40
5,90
5,70
5,220
5,220
5,220
5,220
5,220
5,220
5,270
5,270
5,220
5,270
5,220
5,220
5,270
5,270
5,270
5,360
5,90
5,40
5,40
5,40
5,320
5,40
5,40
5,360
5,340
5,340
5,360
5,20
5,40
5,40
5,40
5,40
5,70
5,40
5,40
5,40
5,20
5,40
5,20
5,20
5,40
5,20
5,20
5,20
5,40
5,40
5,90
5,20
5,70
5,140
5,70
5,40
5,20
5,40
5,20
5,40
5,220
5,270
5,220
5,220
5,180
5,90
5,220
5,160
5,240
5,260
5,200
5,200
5,220
5,220
5,260
5,250
5,210
5,40
5,40
5,140
5,40
5,20
5,320
5,40
5,20
5,20
5,40
5,20
5,20
5,20
5,40
5,20
5,40
5,70
5,20
5,20
5,70
5,70
5,20
5,60
5,90
5,70
5,40
5,40
5,90
5,40
5,40
5,40
5,20
5,20
5,20
5,40
5,20
5,20
5,20
5,20
5,20
5,20
5,20
5,40
5,20
5,70
5,90
5,220
5,20
5,220
5,270
5,220
5,220
5,220
5,240
5,220
5,210
5,200
5,180
5,200
5,210
5,210
5,220
5,200
5,200
5,210
5,180
5,60
5,40
5,70
5,40
5,90
5,90
5,320
5,60
5,40
5,320
5,40
5,20
5,20
5,20
5,40
5,90
5,20
5,70
5,70
5,20
5,40
5,20
5,90
5,90
5,90
5,90
5,70
5,270
5,260
5,270
5,270
5,90
5,220
5,220
5,180
5,220
5,220
5,240
5,240
5,270
5,220
5,220
5,70
5,70
5,70
5,70
5,70
5,40
5,40
5,90
5,90
5,90
5,40
5,40
5,90
5,90
5,40
5,40
5,40
5,70
5,70
5,70
5,90
5,120
5,120
5,40
5,70
5,40
5,160
5,190
5,140
5,220
5,180
5,220
5,240
5,220
5,220
5,60
5,60
5,40
5,60
5,60
5,40
5,90
5,120
5,40
5,40
5,60
5,250
5,250
5,290
5,250
5,240
5,240
5,180
5,40
5,20
5,220
5,220
5,220
5,40
5,180
5,40
5,90
5,40
5,70
5,40
5,70
5,90
5,20
5,40
5,140
5,90
5,90
5,70
5,40
5,40
5,40
5,40
5,40
5,40
5,40
5,40
5,70
5,70
5,70
5,70
5,90
5,90
5,90
5,90
5,70
5,90
5,90
5,90
5,90
5,240
5,220
5,220
5,220
5,220
5,210
5,220
5,220
5,220
5,220
5,220
5,220
5,220
5,220
5,220
5,220
5,270
5,220
5,220
5,220
5,270
5,220
5,220
5,220
5,220
5,220
5,220
5,220
5,220
5,220
5,220
5,180
5,180
5,180
5,220
5,220
5,220
5,270
5,180
5,220
5,270
5,270
5,270
5,270
5,270
5,220
5,40
5,40
5,40
5,40
5,70
5,90
5,90
5,60
5,70
5,70
5,70
5,60
5,70
5,60
5,60
5,60
5,60
5,60
5,90
5,60
5,40
5,40
5,40
5,60
5,60
5,40
5,40
5,40
5,60
5,60
5,60
5,40
5,70
5,70
5,60
5,60
5,40
5,40
5,220
5,180
5,220
5,270
5,180
5,200
5,220
5,220
5,220
5,180
5,220
5,220
5,220
5,220
5,270
5,220
5,270
5,180
5,220
5,220
5,220
5,220
5,220
5,220
5,220
5,220
5,220
5,180
5,220
5,220
5,220
5,220
5,270
5,220
5,220
5,270
5,270
5,220
5,220
5,270
5,270
5,270
5,180
5,220
5,40
5,140
5,40
5,40
5,40
5,40
5,40
5,40
5,40
5,40
5,40
5,270
5,220
5,220
5,220
5,220
5,220
5,220
5,40
5,90
5,40
5,40
5,40
5,40
5,40
5,40
5,90
5,40
5,40
5,40
5,40
5,40
5,40
5,40
5,40
5,40
5,40
5,40
5,40
5,40
5,40
5,40
5,40
5,40
5,40
5,40
5,40
5,40
5,40
5,40
5,40
5,40
5,40
5,40
5,40
5,40
5,40
5,40
5,40
5,40
5,40
5,40
5,40
6,40
6,40
6,40
6,40
6,40
6,40
6,40
6,40
6,40
6,40
6,40
6,40
6,40
6,40
6,40
6,40
6,40
6,40
6,220
6,220
6,220
6,220
6,180
6,220
6,250
6,220
6,220
6,220
6,220
6,250
6,270
6,220
6,220
6,220
6,220
6,220
6,320
6,90
6,40
6,40
6,40
6,40
6,40
6,40
6,40
6,40
6,40
6,40
6,40
6,40
6,40
6,40
6,40
6,40
6,40
6,40
6,40
6,40
6,40
6,250
6,220
6,220
6,220
6,40
6,40
6,40
6,90
6,40
6,220
6,220
6,220
6,220
6,220
6,220
6,320
6,40
6,220
6,220
6,90
6,40
6,40
6,40
6,40
6,40
6,40
6,40
6,70
6,40
6,70
6,40
6,70
6,70
6,40
6,40
6,40
6,40
6,220
6,250
6,220
6,220
6,220
6,220
6,220
6,220
6,220
6,220
6,220
6,220
6,220
6,220
6,220
6,220
6,220
6,140
6,40
6,40
6,140
6,40
6,40
6,40
6,40
6,90
6,40
6,40
6,40
6,40
6,40
6,40
6,220
6,220
6,270
6,220
6,220
6,250
6,220
6,220
6,220
6,220
6,180
6,90
6,90
6,40
6,180
6,360
6,40
6,40
6,20
6,90
6,40
6,40
6,40
6,40
6,20
6,40
6,180
6,20
6,220
6,220
6,220
6,220
6,220
6,220
6,220
6,220
6,220
6,220
6,220
6,180
6,220
6,220
6,220
6,220
6,220
6,220
6,220
6,220
6,220
6,220
6,220
6,270
6,270
6,270
6,220
6,220
6,220
6,220
6,220
6,40
6,40
6,20
6,40
6,70
6,40
6,20
6,70
6,20
6,20
6,220
6,70
6,40
6,40
6,20
6,70
6,20
6,20
6,40
6,20
6,40
6,40
6,40
6,70
6,90
6,70
6,90
6,90
6,70
6,90
6,90
6,40
6,40
6,40
6,90
6,90
6,90
6,90
6,220
6,220
6,220
6,220
6,220
6,220
6,220
6,220
6,220
6,220
6,220
6,270
6,270
6,220
6,270
6,180
6,270
6,270
6,270
6,270
6,270
6,220
6,220
6,220
6,220
6,220
6,220
6,220
6,220
6,70
6,40
6,20
6,40
6,40
6,40
6,40
6,40
6,40
6,40
6,40
6,70
6,40
6,40
6,40
6,40
6,40
6,40
6,40
6,20
6,20
6,20
6,40
6,220
6,220
6,220
6,220
6,220
6,200
6,220
6,220
6,180
6,220
6,220
6,220
6,220
6,220
6,220
6,220
6,220
6,220
6,220
6,180
6,220
6,180
6,220
6,20
6,20
6,20
6,20
6,20
6,20
6,20
6,20
6,20
6,20
6,90
6,90
6,20
6,20
6,20
6,20
6,20
6,20
6,20
6,20
6,20
6,20
6,20
6,20
6,20
6,20
6,20
6,20
6,40
6,40
6,20
6,200
6,220
6,320
6,220
6,220
6,220
6,220
6,220
6,220
6,220
6,220
6,220
6,220
6,220
6,220
6,220
6,220
6,220
6,220
6,220
6,220
6,220
6,40
6,20
6,20
6,20
6,360
6,90
6,40
6,20
6,360
6,20
6,20
6,20
6,360
6,20
6,20
6,20
6,40
6,20
6,20
6,20
6,20
6,20
6,20
6,20
6,20
6,40
6,20
6,20
6,20
6,180
6,220
6,220
6,220
6,220
6,220
6,220
6,220
6,200
6,220
6,220
6,220
6,200
6,180
6,250
6,270
6,270
6,220
6,220
6,220
6,240
6,220
6,220
6,220
6,180
6,220
6,220
6,20
6,20
6,360
6,40
6,20
6,40
6,90
6,320
6,200
6,220
6,220
6,220
6,220
6,220
6,220
6,220
6,220
6,220
6,220
6,220
6,220
6,270
6,220
6,220
6,320
6,20
6,70
6,90
6,360
6,20
6,20
6,40
6,20
6,20
6,20
6,20
6,20
6,40
6,40
6,40
6,20
6,40
6,40
6,20
6,40
6,40
6,20
6,40
6,220
6,220
6,220
6,220
6,220
6,220
6,220
6,140
6,220
6,220
6,260
6,180
6,120
6,240
6,200
6,220
6,200
6,260
6,360
6,40
6,20
6,20
6,40
6,20
6,40
6,20
6,40
6,20
6,20
6,40
6,20
6,20
6,20
6,20
6,20
6,20
6,140
6,40
6,40
6,70
6,20
6,20
6,20
6,20
6,90
6,70
6,40
6,20
6,20
6,20
6,20
6,40
6,20
6,20
6,20
6,360
6,200
6,220
6,220
6,220
6,220
6,210
6,180
6,160
6,90
6,120
6,220
6,220
6,220
6,220
6,220
6,210
6,220
6,220
6,200
6,180
6,140
6,40
6,360
6,140
6,40
6,60
6,40
6,40
6,40
6,40
6,40
6,40
6,40
6,20
6,70
6,40
6,40
6,60
6,40
6,360
6,20
6,20
6,20
6,20
6,20
6,20
6,70
6,40
6,90
6,70
6,90
6,220
6,270
6,260
6,270
6,260
6,240
6,260
6,90
6,220
6,220
6,220
6,220
6,270
6,270
6,240
6,240
6,220
6,220
6,220
6,270
6,260
6,70
6,60
6,60
6,40
6,60
6,40
6,70
6,40
6,70
6,70
6,90
6,90
6,90
6,70
6,70
6,90
6,120
6,40
6,90
6,90
6,40
6,40
6,70
6,70
6,40
6,70
6,40
6,90
6,90
6,70
6,90
6,90
6,220
6,180
6,240
6,180
6,140
6,270
6,70
6,70
6,60
6,60
6,60
6,40
6,40
6,40
6,60
6,60
6,60
6,90
6,360
6,60
6,60
6,250
6,250
6,220
6,240
6,360
6,360
6,360
6,360
6,360
6,20
6,40
6,40
6,40
6,40
6,40
6,40
6,70
6,40
6,70
6,70
6,90
6,70
6,90
6,220
6,220
6,220
6,220
6,220
6,220
6,220
6,220
6,220
6,220
6,270
6,220
6,220
6,220
6,220
6,220
6,220
6,220
6,70
6,60
6,60
6,60
6,60
6,60
6,90
6,60
6,70
6,40
6,40
6,40
6,40
6,40
6,40
6,40
6,40
6,40
6,60
6,40
6,70
6,70
6,180
6,220
6,270
6,220
6,220
6,220
6,220
6,220
6,220
6,220
6,220
6,220
6,220
6,270
6,220
6,40
6,180
6,40
6,40
6,40
6,40
6,40
6,40
6,40
6,40
6,40
6,40
6,40
6,40
6,220
6,40
6,40
6,40
7,40
7,40
7,40
7,40
7,40
7,40
7,270
7,220
7,360
7,340
7,270
7,220
7,40
7,40
7,40
7,40
7,40
7,40
7,40
7,40
7,40
7,40
7,40
7,40
7,40
7,40
7,220
7,220
7,220
7,220
7,40
7,40
7,40
7,220
7,200
7,40
7,40
7,40
7,40
7,40
7,40
7,220
7,200
7,220
7,220
7,220
7,220
7,220
7,220
7,220
7,220
7,220
7,40
7,40
7,40
7,40
7,40
7,40
7,40
7,250
7,220
7,220
7,220
7,220
7,220
7,220
7,220
7,220
7,40
7,40
7,90
7,40
7,40
7,90
7,40
7,70
7,70
7,40
7,220
7,220
7,250
7,250
7,220
7,220
7,220
7,220
7,220
7,220
7,220
7,220
7,270
7,220
7,220
7,220
7,320
7,270
7,270
7,220
7,220
7,220
7,220
7,220
7,360
7,220
7,20
7,20
7,40
7,20
7,350
7,40
7,70
7,70
7,70
7,20
7,20
7,20
7,20
7,40
7,40
7,40
7,40
7,40
7,70
7,90
7,90
7,220
7,220
7,220
7,220
7,220
7,220
7,220
7,220
7,220
7,220
7,270
7,220
7,220
7,270
7,270
7,270
7,220
7,220
7,220
7,220
7,270
7,220
7,70
7,40
7,70
7,40
7,40
7,40
7,40
7,40
7,40
7,40
7,40
7,20
7,40
7,40
7,20
7,220
7,220
7,220
7,220
7,220
7,220
7,220
7,220
7,220
7,220
7,220
7,220
7,220
7,180
7,220
7,220
7,220
7,220
7,220
7,220
7,220
7,220
7,220
7,320
7,20
7,20
7,20
7,20
7,20
7,20
7,20
7,20
7,20
7,20
7,20
7,20
7,220
7,220
7,220
7,220
7,220
7,220
7,180
7,220
7,220
7,220
7,220
7,220
7,220
7,220
7,220
7,220
7,220
7,220
7,220
7,220
7,220
7,220
7,220
7,220
7,220
7,40
7,20
7,20
7,20
7,20
7,20
7,20
7,20
7,20
7,20
7,20
7,360
7,360
7,220
7,220
7,220
7,220
7,220
7,250
7,220
7,220
7,220
7,220
7,270
7,220
7,220
7,20
7,20
7,20
7,360
7,20
7,20
7,360
7,220
7,200
7,220
7,220
7,220
7,220
7,220
7,220
7,220
7,220
7,220
7,220
7,220
7,220
7,220
7,220
7,220
7,270
7,220
7,220
7,220
7,270
7,20
7,20
7,40
7,40
7,40
7,20
7,20
7,20
7,40
7,20
7,360
7,20
7,200
7,250
7,240
7,260
7,260
7,220
7,20
7,20
7,20
7,20
7,90
7,40
7,20
7,360
7,360
7,360
7,220
7,220
7,220
7,250
7,200
7,180
7,220
7,220
7,210
7,200
7,260
7,180
7,200
7,200
7,90
7,240
7,260
7,220
7,340
7,40
7,20
7,40
7,40
7,40
7,60
7,40
7,40
7,60
7,60
7,40
7,40
7,20
7,20
7,20
7,70
7,90
7,40
7,40
7,40
7,90
7,240
7,260
7,270
7,220
7,240
7,270
7,260
7,220
7,260
7,240
7,220
7,220
7,260
7,220
7,240
7,40
7,40
7,40
7,40
7,70
7,70
7,70
7,70
7,90
7,90
7,90
7,90
7,90
7,70
7,70
7,40
7,40
7,90
7,90
7,90
7,90
7,90
7,90
7,70
7,90
7,90
7,220
7,180
7,220
7,180
7,240
7,270
7,40
7,60
7,60
7,40
7,40
7,60
7,60
7,70
7,70
7,40
7,360
7,360
7,40
7,60
7,60
7,60
7,60
7,250
7,240
7,200
7,200
7,220
7,200
7,40
7,70
7,360
7,40
7,360
7,40
7,40
7,40
7,40
7,40
7,40
7,40
7,90
7,70
7,70
7,70
7,90
7,240
7,220
7,220
7,40
7,160
7,40
7,60
7,40
7,40
7,60
7,40
7,40
7,40
7,40
7,40
7,40
7,40
7,60
7,160
7,60
7,60
7,40
7,220
7,180
7,40
8,40
8,40
8,40
8,220
8,220
8,220
8,220
8,220
8,160
8,40
8,180
8,40
8,40
8,70
8,70
8,40
8,220
8,220
8,220
8,250
8,220
8,250
8,250
8,220
8,40
8,40
8,40
8,40
8,220
8,220
8,220
8,220
8,220
8,220
8,220
8,220
8,220
8,220
8,220
8,220
8,220
8,40
8,40
8,40
8,220
8,220
8,270
8,270
8,220
8,220
8,220
8,180
8,320
8,20
8,70
8,40
8,40
8,40
8,220
8,220
8,220
8,220
8,270
8,220
8,270
8,270
8,270
8,260
8,40
8,40
8,40
8,40
8,220
8,220
8,220
8,220
8,220
8,220
8,220
8,220
8,180
8,220
8,220
8,220
8,20
8,20
8,90
8,20
8,20
8,20
8,220
8,220
8,220
8,220
8,220
8,220
8,220
8,220
8,220
8,220
8,220
8,220
8,220
8,220
8,220
8,220
8,20
8,220
8,220
8,220
8,220
8,220
8,220
8,220
8,220
8,250
8,220
8,220
8,220
8,220
8,220
8,220
8,220
8,220
8,220
8,220
8,220
8,220
8,220
8,220
8,220
8,220
8,220
8,220
8,220
8,220
8,220
8,220
8,220
8,220
8,220
8,220
8,270
8,320
8,270
8,20
8,20
8,20
8,20
8,20
8,20
8,360
8,360
8,20
8,220
8,240
8,220
8,180
8,200
8,210
8,360
8,20
8,20
8,20
8,20
8,20
8,20
8,220
8,180
8,200
8,220
8,200
8,210
8,220
8,240
8,240
8,240
8,260
8,240
8,180
8,40
8,40
8,40
8,40
8,20
8,20
8,20
8,20
8,60
8,90
8,60
8,40
8,20
8,90
8,90
8,20
8,70
8,180
8,270
8,260
8,260
8,270
8,240
8,260
8,240
8,260
8,240
8,220
8,240
8,260
8,270
8,40
8,70
8,90
8,90
8,70
8,70
8,40
8,40
8,40
8,70
8,70
8,220
8,220
8,270
8,240
8,60
8,140
8,70
8,20
8,40
8,90
8,40
8,70
8,40
8,40
8,60
8,60
8,360
8,40
8,40
8,40
8,40
8,40
8,40
8,360
8,120
8,220
8,240
8,220
8,220
9,40
9,40
9,220
9,220
9,220
9,180
9,70
9,270
9,220
9,220
9,220
9,220
9,220
9,220
9,360
9,220
9,220
9,270
9,220
9,220
9,220
9,220
9,180
9,210
9,220
9,220
9,360
9,180
9,320
9,360
9,360
9,20
9,20
9,20
9,20
9,220
9,200
9,220
9,40
9,220
9,200
9,220
9,240
9,240
9,340
9,340
9,90
9,40
9,40
9,20
9,90
9,40
9,40
9,20
9,220
9,270
9,220
9,220
9,220
9,270
9,270
9,270
9,270
9,90
9,40
9,180
9,180
9,60
9,40
9,40
9,40
9,40
9,40
9,70
9,40
9,40
9,60
9,40
9,240
9,220
9,220
9,200
9,220
9,220
9,200
9,240
9,240
9,40
9,70
9,40
9,40
9,240
9,220
9,240
9,220
9,20
9,40
9,40
10,40
10,40
10,40
10,270
10,220
10,220
10,220
10,20
10,250
10,40
10,220
10,220
10,180
10,220
10,200
10,210
10,210
10,200
10,220
10,180
10,260
10,140
10,220
10,320
10,210
10,210
10,200
10,220
10,220
10,260
10,20
10,40
10,40
10,240
10,260
10,260
10,270
10,260
10,40
10,40
10,40
10,180
10,40
10,40
10,40
10,40
10,40
10,40
10,60
10,60
10,220
10,220
10,220
10,220
10,240
10,180
10,40
10,360
10,40
10,40
10,120
10,40
10,40
10,70
10,220
10,240
10,220
10,220
10,220
11,220
11,220
11,260
11,220
11,200
11,220
11,210
11,240
11,220
11,20
11,40
11,40
11,40
11,40
11,40
11,40
11,40
11,40
11,40
11,60
11,40
11,220
11,220
11,40
11,40
11,40
11,360
11,40
11,90
11,90
12,90
12,40
12,270
12,270
12,220
12,220
12,220
12,220
12,220
12,220
12,240
12,220
12,240
12,240
12,260
12,240
12,200
12,210
12,220
12,210
12,220
12,220
12,240
12,220
12,140
12,20
12,40
12,270
12,40
12,180
12,40
12,90
12,60
12,40
12,40
12,40
12,60
12,240
12,90
12,40
12,40
12,40
12,220
12,220
13,270
13,220
13,220
13,240
13,200
13,210
13,140
13,240
13,220
13,220
13,240
13,40
13,360
13,40
13,40
13,220
13,40
13,240
13,240
14,40
14,220
14,240
14,240
14,220
14,20
14,360
14,120
15,270
15,240
15,240
15,260
15,220
15,240
15,240
16,220
16,220
16,220
16,240
16,220
16,90
17,200
17,200
17,220
17,220
17,220
17,260
18,220
19,220
22,220
22,240
23,90
